fes,random,de,llm_ea_full,llm_ea_single,llm_ea_no_sched
1,2.281505e+02,2.269338e+02,2.419681e+02,2.419681e+02,2.419681e+02
2,1.868078e+02,1.986082e+02,2.058472e+02,2.058472e+02,2.058472e+02
3,1.845806e+02,1.831470e+02,1.839868e+02,1.839868e+02,1.839868e+02
4,1.806295e+02,1.831470e+02,1.839868e+02,1.839868e+02,1.839868e+02
5,1.791617e+02,1.714133e+02,1.566715e+02,1.566715e+02,1.566715e+02
6,1.773458e+02,1.538222e+02,1.566715e+02,1.566715e+02,1.566715e+02
7,1.752520e+02,1.538222e+02,1.566715e+02,1.566715e+02,1.566715e+02
8,1.613974e+02,1.538222e+02,1.566715e+02,1.566715e+02,1.566715e+02
9,1.613974e+02,1.524876e+02,1.566715e+02,1.566715e+02,1.566715e+02
10,1.553429e+02,1.524876e+02,1.566715e+02,1.566715e+02,1.566715e+02
11,1.553429e+02,1.524876e+02,1.566715e+02,1.566715e+02,1.566715e+02
12,1.553429e+02,1.524876e+02,1.566715e+02,1.566715e+02,1.566715e+02
13,1.553429e+02,1.524876e+02,1.479616e+02,1.479616e+02,1.479616e+02
14,1.553429e+02,1.515995e+02,1.479616e+02,1.479616e+02,1.479616e+02
15,1.541607e+02,1.452652e+02,1.479616e+02,1.479616e+02,1.479616e+02
16,1.541607e+02,1.452652e+02,1.479616e+02,1.479616e+02,1.479616e+02
17,1.541607e+02,1.452652e+02,1.479616e+02,1.479616e+02,1.479616e+02
18,1.501317e+02,1.452652e+02,1.468659e+02,1.468659e+02,1.468659e+02
19,1.451513e+02,1.452652e+02,1.468659e+02,1.468659e+02,1.468659e+02
20,1.391394e+02,1.452652e+02,1.413486e+02,1.413486e+02,1.413486e+02
21,1.391394e+02,1.452652e+02,1.413486e+02,1.413486e+02,1.413486e+02
22,1.391394e+02,1.452652e+02,1.389934e+02,1.259565e+02,1.389934e+02
23,1.391394e+02,1.396159e+02,1.389934e+02,1.235953e+02,1.389934e+02
24,1.391394e+02,1.396159e+02,1.389934e+02,1.235953e+02,1.389934e+02
25,1.391394e+02,1.396159e+02,1.269817e+02,1.215371e+02,1.307949e+02
26,1.338772e+02,1.396159e+02,1.269817e+02,1.215371e+02,1.295454e+02
27,1.299900e+02,1.396159e+02,1.257322e+02,1.215371e+02,1.295454e+02
28,1.299900e+02,1.396159e+02,1.257322e+02,1.215371e+02,1.177938e+02
29,1.299900e+02,1.396159e+02,1.257322e+02,1.215037e+02,1.177938e+02
30,1.279169e+02,1.396159e+02,1.248922e+02,1.215037e+02,1.177938e+02
31,1.279169e+02,1.358514e+02,1.248922e+02,1.215037e+02,1.121432e+02
32,1.279169e+02,1.340631e+02,1.248922e+02,1.215037e+02,1.121432e+02
33,1.279169e+02,1.319692e+02,1.248922e+02,1.113865e+02,1.121432e+02
34,1.279169e+02,1.319692e+02,1.248922e+02,1.090405e+02,1.121432e+02
35,1.279169e+02,1.319692e+02,1.248922e+02,1.078902e+02,1.121432e+02
36,1.279169e+02,1.319692e+02,1.184928e+02,1.067949e+02,1.083545e+02
37,1.279169e+02,1.319692e+02,1.157487e+02,1.001016e+02,1.083545e+02
38,1.279169e+02,1.319692e+02,1.157487e+02,1.001016e+02,1.083545e+02
39,1.279169e+02,1.319692e+02,1.157487e+02,1.001016e+02,1.022524e+02
40,1.279169e+02,1.278349e+02,1.157487e+02,1.001016e+02,1.022524e+02
41,1.279169e+02,1.278349e+02,1.157487e+02,9.194172e+01,1.022524e+02
42,1.279169e+02,1.278349e+02,1.157487e+02,8.780575e+01,1.022524e+02
43,1.279169e+02,1.278349e+02,1.148224e+02,8.780575e+01,1.022524e+02
44,1.245779e+02,1.269985e+02,1.148224e+02,8.780575e+01,1.022524e+02
45,1.245779e+02,1.269985e+02,1.148224e+02,8.442627e+01,1.022524e+02
46,1.245779e+02,1.237445e+02,1.133611e+02,8.442627e+01,9.789498e+01
47,1.245779e+02,1.237445e+02,1.092761e+02,8.442627e+01,9.789498e+01
48,1.245779e+02,1.237445e+02,1.071690e+02,8.442627e+01,9.789498e+01
49,1.210359e+02,1.237445e+02,1.071690e+02,8.442627e+01,9.789498e+01
50,1.210359e+02,1.237445e+02,1.071690e+02,8.442627e+01,9.789498e+01
51,1.210359e+02,1.237445e+02,1.071690e+02,8.442627e+01,9.554460e+01
52,1.210359e+02,1.237445e+02,1.071690e+02,8.442627e+01,9.321886e+01
53,1.210359e+02,1.237445e+02,1.043357e+02,8.189367e+01,9.226999e+01
54,1.196929e+02,1.237445e+02,1.043357e+02,8.189367e+01,9.226999e+01
55,1.196929e+02,1.237445e+02,1.043357e+02,8.189367e+01,9.226999e+01
56,1.196929e+02,1.237445e+02,9.762891e+01,8.189367e+01,9.226999e+01
57,1.196929e+02,1.237445e+02,9.589631e+01,7.701659e+01,9.226999e+01
58,1.196929e+02,1.237445e+02,9.589631e+01,7.701659e+01,9.226999e+01
59,1.196929e+02,1.237445e+02,9.589631e+01,7.701659e+01,9.226999e+01
60,1.196929e+02,1.237445e+02,9.589631e+01,7.701659e+01,9.226999e+01
61,1.196929e+02,1.234299e+02,9.589631e+01,7.701659e+01,9.226999e+01
62,1.196929e+02,1.234299e+02,9.589631e+01,7.701659e+01,8.891933e+01
63,1.196929e+02,1.234299e+02,9.589631e+01,7.701659e+01,8.891933e+01
64,1.196929e+02,1.234299e+02,9.125399e+01,7.701659e+01,8.891933e+01
65,1.196929e+02,1.234299e+02,9.125399e+01,7.701659e+01,8.891933e+01
66,1.196929e+02,1.234299e+02,8.762960e+01,7.606464e+01,8.891933e+01
67,1.195395e+02,1.234299e+02,8.762960e+01,7.606464e+01,8.891933e+01
68,1.195395e+02,1.234299e+02,8.762960e+01,7.606464e+01,8.891933e+01
69,1.195395e+02,1.201800e+02,8.607625e+01,7.606464e+01,8.457312e+01
70,1.195395e+02,1.200617e+02,8.177808e+01,7.606464e+01,8.306160e+01
71,1.195395e+02,1.200617e+02,8.177808e+01,7.606464e+01,8.306160e+01
72,1.195395e+02,1.200617e+02,8.177808e+01,7.606464e+01,8.276592e+01
73,1.195395e+02,1.200617e+02,8.177808e+01,7.606464e+01,8.276592e+01
74,1.195395e+02,1.177050e+02,8.177808e+01,7.606464e+01,8.260376e+01
75,1.195395e+02,1.177050e+02,8.177808e+01,7.510702e+01,8.207146e+01
76,1.152547e+02,1.177050e+02,8.177808e+01,7.510702e+01,8.207146e+01
77,1.152547e+02,1.177050e+02,8.177808e+01,7.510702e+01,8.207146e+01
78,1.152547e+02,1.177050e+02,8.152642e+01,7.510702e+01,8.207146e+01
79,1.152547e+02,1.177050e+02,8.152642e+01,7.510702e+01,8.207146e+01
80,1.140360e+02,1.177050e+02,8.135830e+01,7.510702e+01,8.118555e+01
81,1.140360e+02,1.177050e+02,8.135830e+01,7.510702e+01,8.118555e+01
82,1.140360e+02,1.177050e+02,8.135830e+01,7.510702e+01,8.118555e+01
83,1.140360e+02,1.177050e+02,8.135830e+01,7.332159e+01,8.118555e+01
84,1.140360e+02,1.135800e+02,8.135830e+01,7.332159e+01,8.118555e+01
85,1.140360e+02,1.135800e+02,7.600330e+01,7.332159e+01,8.118555e+01
86,1.140360e+02,1.135800e+02,7.600330e+01,7.332159e+01,8.025921e+01
87,1.140360e+02,1.135800e+02,7.600330e+01,7.332159e+01,7.672352e+01
88,1.140360e+02,1.135800e+02,7.600330e+01,7.332159e+01,7.672352e+01
89,1.140360e+02,1.135800e+02,7.448485e+01,7.332159e+01,7.448274e+01
90,1.140360e+02,1.135800e+02,7.379061e+01,7.332159e+01,7.436398e+01
91,1.140360e+02,1.135800e+02,7.379061e+01,6.868523e+01,7.436398e+01
92,1.140360e+02,1.135800e+02,7.379061e+01,6.868523e+01,7.436398e+01
93,1.140360e+02,1.135800e+02,7.379061e+01,6.711075e+01,7.436398e+01
94,1.127367e+02,1.135800e+02,7.379061e+01,6.374478e+01,7.436398e+01
95,1.127367e+02,1.135800e+02,7.284766e+01,6.374478e+01,7.436398e+01
96,1.127367e+02,1.135800e+02,7.284766e+01,6.374478e+01,7.436398e+01
97,1.127367e+02,1.135800e+02,7.284766e+01,6.374478e+01,6.969023e+01
98,1.127367e+02,1.135800e+02,7.284766e+01,6.374478e+01,6.969023e+01
99,1.127367e+02,1.135800e+02,7.284766e+01,6.374478e+01,6.969023e+01
100,1.127367e+02,1.135800e+02,7.284766e+01,6.374478e+01,6.969023e+01
101,1.127367e+02,1.112399e+02,7.284766e+01,6.374478e+01,6.969023e+01
102,1.127367e+02,1.112399e+02,7.284766e+01,6.374478e+01,6.969023e+01
103,1.127367e+02,1.112399e+02,6.842512e+01,6.374478e+01,6.969023e+01
104,1.127367e+02,1.105821e+02,6.842512e+01,5.915847e+01,6.964446e+01
105,1.127367e+02,1.105821e+02,6.842512e+01,5.840647e+01,6.612736e+01
106,1.127367e+02,1.105821e+02,6.842512e+01,5.840647e+01,6.612736e+01
107,1.127367e+02,1.105821e+02,6.829687e+01,5.799203e+01,6.612736e+01
108,1.127367e+02,1.103257e+02,6.829687e+01,5.799203e+01,6.612736e+01
109,1.127367e+02,1.103257e+02,6.829687e+01,5.799203e+01,6.612736e+01
110,1.127367e+02,1.103257e+02,6.829687e+01,5.563593e+01,6.536714e+01
111,1.127367e+02,1.103257e+02,6.829687e+01,5.471367e+01,6.536714e+01
112,1.127367e+02,1.103257e+02,6.829687e+01,5.471367e+01,6.491902e+01
113,1.127367e+02,1.087788e+02,6.829687e+01,5.202436e+01,6.491902e+01
114,1.127367e+02,1.087788e+02,6.829687e+01,5.202436e+01,6.491902e+01
115,1.127367e+02,1.087788e+02,6.829687e+01,5.202436e+01,6.491902e+01
116,1.127367e+02,1.087788e+02,6.829687e+01,5.202436e+01,6.491902e+01
117,1.127367e+02,1.080117e+02,6.829687e+01,5.202436e+01,6.491902e+01
118,1.127367e+02,1.080117e+02,6.829687e+01,5.202436e+01,6.491902e+01
119,1.127367e+02,1.080117e+02,6.829687e+01,5.202436e+01,6.491902e+01
120,1.127367e+02,1.080117e+02,6.829687e+01,5.202436e+01,6.491902e+01
121,1.127367e+02,1.080117e+02,6.829687e+01,5.202436e+01,6.491902e+01
122,1.127367e+02,1.080117e+02,6.829687e+01,5.202436e+01,6.491902e+01
123,1.127367e+02,1.080117e+02,6.829687e+01,5.017633e+01,6.408185e+01
124,1.127367e+02,1.080117e+02,6.749793e+01,5.017633e+01,6.408185e+01
125,1.127367e+02,1.080117e+02,6.749793e+01,5.017633e+01,6.408185e+01
126,1.127367e+02,1.080117e+02,6.749793e+01,4.981357e+01,6.408185e+01
127,1.127367e+02,1.080117e+02,6.749793e+01,4.981357e+01,6.408185e+01
128,1.127367e+02,1.048825e+02,6.749793e+01,4.981357e+01,6.408185e+01
129,1.127367e+02,1.048825e+02,6.749793e+01,4.981357e+01,6.408185e+01
130,1.127367e+02,1.048825e+02,6.749793e+01,4.942767e+01,6.408185e+01
131,1.127367e+02,1.048825e+02,6.749793e+01,4.942767e+01,6.408185e+01
132,1.127367e+02,1.048825e+02,6.549329e+01,4.942767e+01,6.408185e+01
133,1.127367e+02,1.048825e+02,6.549329e+01,4.942767e+01,6.408185e+01
134,1.127367e+02,1.048825e+02,6.486986e+01,4.942767e+01,6.408185e+01
135,1.127367e+02,1.048825e+02,6.486986e+01,4.942767e+01,6.408185e+01
136,1.127367e+02,1.048825e+02,6.429141e+01,4.920132e+01,6.033841e+01
137,1.127367e+02,1.048825e+02,6.429141e+01,4.920132e+01,6.033841e+01
138,1.127367e+02,1.048825e+02,6.429141e+01,4.920132e+01,6.033841e+01
139,1.127367e+02,1.048825e+02,6.391138e+01,4.920132e+01,5.880082e+01
140,1.127367e+02,1.048825e+02,6.391138e+01,4.920132e+01,5.880082e+01
141,1.127367e+02,1.048825e+02,6.358061e+01,4.920132e+01,5.880082e+01
142,1.127367e+02,1.048557e+02,6.270380e+01,4.920132e+01,5.880082e+01
143,1.127367e+02,1.048557e+02,6.270380e+01,4.920132e+01,5.880082e+01
144,1.127367e+02,1.035403e+02,5.870000e+01,4.920132e+01,5.798189e+01
145,1.127367e+02,1.035403e+02,5.870000e+01,4.920132e+01,5.798189e+01
146,1.127367e+02,1.002998e+02,5.870000e+01,4.920132e+01,5.798189e+01
147,1.127367e+02,1.002627e+02,5.870000e+01,4.916280e+01,5.536965e+01
148,1.127367e+02,1.002627e+02,5.859365e+01,4.916280e+01,5.536965e+01
149,1.127367e+02,1.002627e+02,5.810929e+01,4.916280e+01,5.536965e+01
150,1.127367e+02,1.002627e+02,5.810929e+01,4.916280e+01,5.536965e+01
151,1.127367e+02,1.002627e+02,5.810929e+01,4.678630e+01,5.536965e+01
152,1.092613e+02,1.002627e+02,5.806288e+01,4.678630e+01,5.536965e+01
153,1.092613e+02,1.002627e+02,5.806288e+01,4.557526e+01,5.466524e+01
154,1.092613e+02,1.002627e+02,5.806288e+01,4.557526e+01,5.466524e+01
155,1.092613e+02,9.752404e+01,5.806288e+01,4.557526e+01,5.466524e+01
156,1.092613e+02,9.718782e+01,5.806288e+01,4.557526e+01,5.466524e+01
157,1.092613e+02,9.718782e+01,5.781105e+01,4.557526e+01,5.466524e+01
158,1.092613e+02,9.718782e+01,5.781105e+01,4.454037e+01,5.466524e+01
159,1.092613e+02,9.456726e+01,5.781105e+01,4.454037e+01,5.457830e+01
160,1.092613e+02,9.456726e+01,5.781105e+01,4.309479e+01,5.457830e+01
161,1.092613e+02,9.456726e+01,5.781105e+01,4.309479e+01,5.457830e+01
162,1.092613e+02,9.456726e+01,5.781105e+01,4.309479e+01,5.457830e+01
163,1.092613e+02,9.456726e+01,5.390746e+01,4.309479e+01,5.457830e+01
164,1.092613e+02,9.456726e+01,5.390746e+01,4.309479e+01,5.457830e+01
165,1.092613e+02,8.999153e+01,5.390746e+01,4.309479e+01,5.353734e+01
166,1.092613e+02,8.999153e+01,5.124588e+01,4.309479e+01,5.353734e+01
167,1.092613e+02,8.999153e+01,5.124588e+01,4.309479e+01,5.353734e+01
168,1.092613e+02,8.999153e+01,5.124588e+01,4.309479e+01,5.353734e+01
169,1.092613e+02,8.999153e+01,5.124588e+01,4.309479e+01,5.353734e+01
170,1.092613e+02,8.999153e+01,5.124588e+01,4.309479e+01,5.353734e+01
171,1.092613e+02,8.999153e+01,4.992249e+01,4.309479e+01,5.281660e+01
172,1.092613e+02,8.999153e+01,4.992249e+01,4.309479e+01,5.281660e+01
173,1.092613e+02,8.999153e+01,4.992249e+01,4.309479e+01,5.281660e+01
174,1.092613e+02,8.999153e+01,4.992249e+01,4.309479e+01,5.281660e+01
175,1.092613e+02,8.999153e+01,4.992249e+01,4.309479e+01,5.281660e+01
176,1.092613e+02,8.999153e+01,4.992249e+01,4.309479e+01,5.281660e+01
177,1.092613e+02,8.999153e+01,4.992249e+01,4.309479e+01,5.281660e+01
178,1.092613e+02,8.999153e+01,4.837527e+01,4.309479e+01,5.281660e+01
179,1.092613e+02,8.999153e+01,4.837527e+01,4.309479e+01,5.281660e+01
180,1.092613e+02,8.999153e+01,4.837527e+01,4.309479e+01,5.239534e+01
181,1.092613e+02,8.999153e+01,4.837527e+01,4.309479e+01,5.239534e+01
182,1.092613e+02,8.999153e+01,4.837527e+01,4.309479e+01,5.239534e+01
183,1.092613e+02,8.999153e+01,4.837527e+01,4.309479e+01,5.239534e+01
184,1.092613e+02,8.999153e+01,4.685468e+01,4.309479e+01,5.239534e+01
185,1.092613e+02,8.999153e+01,4.685468e+01,4.309479e+01,5.239534e+01
186,1.092613e+02,8.999153e+01,4.685468e+01,4.309479e+01,5.239534e+01
187,1.092613e+02,8.999153e+01,4.685468e+01,4.309479e+01,5.239534e+01
188,1.092613e+02,8.999153e+01,4.685468e+01,4.309479e+01,5.239534e+01
189,1.092613e+02,8.999153e+01,4.685468e+01,4.309479e+01,5.239534e+01
190,1.092613e+02,8.999153e+01,4.685468e+01,3.998305e+01,5.239534e+01
191,1.092613e+02,8.999153e+01,4.685468e+01,3.998305e+01,5.239534e+01
192,1.092613e+02,8.999153e+01,4.685468e+01,3.998305e+01,5.225064e+01
193,1.092613e+02,8.999153e+01,4.685468e+01,3.998305e+01,5.225064e+01
194,1.092613e+02,8.971893e+01,4.685468e+01,3.998305e+01,5.225064e+01
195,1.092613e+02,8.971893e+01,4.685468e+01,3.998305e+01,5.089604e+01
196,1.092613e+02,8.971893e+01,4.685468e+01,3.998305e+01,5.089604e+01
197,1.092613e+02,8.971893e+01,4.685468e+01,3.998305e+01,5.089604e+01
198,1.092613e+02,8.971893e+01,4.685468e+01,3.998305e+01,5.089604e+01
199,1.092613e+02,8.971893e+01,4.685468e+01,3.998305e+01,5.089604e+01
200,1.092613e+02,8.350923e+01,4.685468e+01,3.998305e+01,5.089604e+01
201,1.092613e+02,8.350923e+01,4.266086e+01,3.998305e+01,5.089604e+01
202,1.092613e+02,8.350923e+01,4.266086e+01,3.866364e+01,5.089604e+01
203,1.092613e+02,8.350923e+01,4.266086e+01,3.866364e+01,5.089604e+01
204,1.092613e+02,8.350923e+01,4.266086e+01,3.866364e+01,5.089604e+01
205,1.092613e+02,8.350923e+01,4.266086e+01,3.866364e+01,5.089604e+01
206,1.092613e+02,8.350923e+01,4.266086e+01,3.866364e+01,5.059934e+01
207,1.092613e+02,8.350923e+01,4.266086e+01,3.859932e+01,5.059934e+01
208,1.092613e+02,8.350923e+01,4.136092e+01,3.859932e+01,5.059934e+01
209,1.092613e+02,8.350923e+01,4.136092e+01,3.859932e+01,5.059934e+01
210,1.092613e+02,8.350923e+01,4.136092e+01,3.859932e+01,5.059934e+01
211,1.092613e+02,8.350923e+01,4.136092e+01,3.859932e+01,5.059934e+01
212,1.092613e+02,8.350923e+01,4.136092e+01,3.859932e+01,5.059934e+01
213,1.092613e+02,8.350923e+01,4.136092e+01,3.859932e+01,5.059934e+01
214,1.092613e+02,8.350923e+01,4.078113e+01,3.850320e+01,5.059934e+01
215,1.092613e+02,8.350923e+01,4.078113e+01,3.850320e+01,5.033339e+01
216,1.092613e+02,8.350923e+01,4.078113e+01,3.850320e+01,5.033339e+01
217,1.092613e+02,8.350923e+01,4.078113e+01,3.850320e+01,5.033339e+01
218,1.092613e+02,8.350923e+01,4.078113e+01,3.850320e+01,5.012022e+01
219,1.092613e+02,8.350923e+01,4.078113e+01,3.850320e+01,5.012022e+01
220,1.092613e+02,8.350923e+01,4.078113e+01,3.850320e+01,4.783789e+01
221,1.092613e+02,8.350923e+01,4.078113e+01,3.850320e+01,4.783789e+01
222,1.092613e+02,8.350923e+01,4.078113e+01,3.850320e+01,4.783789e+01
223,1.092613e+02,8.350923e+01,3.963218e+01,3.850320e+01,4.783789e+01
224,1.092613e+02,8.350923e+01,3.963218e+01,3.850320e+01,4.783789e+01
225,1.092613e+02,8.350923e+01,3.963218e+01,3.850320e+01,4.783789e+01
226,1.092613e+02,8.350923e+01,3.963218e+01,3.850320e+01,4.783789e+01
227,1.092613e+02,8.350923e+01,3.963218e+01,3.850320e+01,4.783789e+01
228,1.092613e+02,8.350923e+01,3.955759e+01,3.850320e+01,4.783789e+01
229,1.092613e+02,8.350923e+01,3.955759e+01,3.850320e+01,4.783789e+01
230,1.092613e+02,8.350923e+01,3.913021e+01,3.850320e+01,4.783789e+01
231,1.092613e+02,8.350923e+01,3.913021e+01,3.850320e+01,4.783789e+01
232,1.092613e+02,8.350923e+01,3.913021e+01,3.850320e+01,4.783789e+01
233,1.092613e+02,8.350923e+01,3.913021e+01,3.850320e+01,4.783789e+01
234,1.092613e+02,8.343828e+01,3.913021e+01,3.850320e+01,4.691652e+01
235,1.092613e+02,8.343828e+01,3.913021e+01,3.850320e+01,4.691652e+01
236,1.092613e+02,8.339580e+01,3.913021e+01,3.850320e+01,4.691652e+01
237,1.092613e+02,8.339580e+01,3.913021e+01,3.850320e+01,4.691652e+01
238,1.092613e+02,8.339580e+01,3.913021e+01,3.850320e+01,4.691652e+01
239,1.092613e+02,8.339580e+01,3.913021e+01,3.709560e+01,4.691652e+01
240,1.092613e+02,8.339580e+01,3.913021e+01,3.709560e+01,4.638005e+01
241,1.092613e+02,8.339580e+01,3.899109e+01,3.709560e+01,4.638005e+01
242,1.092613e+02,8.339580e+01,3.899109e+01,3.709560e+01,4.638005e+01
243,1.092613e+02,8.339580e+01,3.899109e+01,3.709560e+01,4.638005e+01
244,1.092613e+02,8.339580e+01,3.899109e+01,3.709560e+01,4.638005e+01
245,1.092613e+02,8.339580e+01,3.899109e+01,3.709560e+01,4.638005e+01
246,1.092613e+02,8.339580e+01,3.899109e+01,3.709560e+01,4.638005e+01
247,1.092613e+02,8.339580e+01,3.899109e+01,3.709560e+01,4.638005e+01
248,1.092613e+02,8.339580e+01,3.899109e+01,3.709560e+01,4.638005e+01
249,1.092613e+02,8.339580e+01,3.899109e+01,3.709560e+01,4.555509e+01
250,1.092613e+02,8.233702e+01,3.899109e+01,3.709560e+01,4.555509e+01
251,1.092613e+02,8.233702e+01,3.870000e+01,3.709560e+01,4.555509e+01
252,1.092613e+02,8.233702e+01,3.853470e+01,3.709560e+01,4.555509e+01
253,1.092613e+02,8.233702e+01,3.808020e+01,3.689188e+01,4.555509e+01
254,1.090386e+02,8.233702e+01,3.808020e+01,3.689188e+01,4.555509e+01
255,1.090386e+02,8.233702e+01,3.808020e+01,3.689188e+01,4.555509e+01
256,1.090386e+02,8.233702e+01,3.808020e+01,3.689188e+01,4.555509e+01
257,1.090386e+02,8.233702e+01,3.808020e+01,3.689188e+01,4.555509e+01
258,1.090386e+02,8.233702e+01,3.808020e+01,3.689188e+01,4.555509e+01
259,1.090386e+02,8.233702e+01,3.808020e+01,3.689188e+01,4.555509e+01
260,1.090386e+02,8.233702e+01,3.808020e+01,3.689188e+01,4.555509e+01
261,1.090386e+02,8.233702e+01,3.808020e+01,3.689188e+01,4.555509e+01
262,1.090386e+02,8.233702e+01,3.808020e+01,3.689188e+01,4.555509e+01
263,1.090386e+02,8.233702e+01,3.808020e+01,3.605589e+01,4.555509e+01
264,1.090386e+02,8.233702e+01,3.808020e+01,3.605589e+01,4.555509e+01
265,1.090386e+02,8.233702e+01,3.808020e+01,3.581011e+01,4.555509e+01
266,1.090386e+02,8.233702e+01,3.808020e+01,3.503272e+01,4.555509e+01
267,1.090386e+02,8.233702e+01,3.808020e+01,3.503272e+01,4.555509e+01
268,1.090386e+02,8.233702e+01,3.808020e+01,3.503272e+01,4.555509e+01
269,1.090386e+02,8.233702e+01,3.808020e+01,3.503272e+01,4.520105e+01
270,1.090386e+02,8.233702e+01,3.808020e+01,3.503272e+01,4.520105e+01
271,1.090386e+02,8.233702e+01,3.808020e+01,3.503272e+01,4.520105e+01
272,1.086025e+02,8.233702e+01,3.808020e+01,3.453003e+01,4.520105e+01
273,1.086025e+02,8.233702e+01,3.808020e+01,3.453003e+01,4.372241e+01
274,1.086025e+02,8.166334e+01,3.808020e+01,3.453003e+01,4.372241e+01
275,1.055871e+02,8.166334e+01,3.808020e+01,3.453003e+01,4.372241e+01
276,1.055871e+02,8.166334e+01,3.808020e+01,3.453003e+01,4.372241e+01
277,1.055871e+02,8.166334e+01,3.808020e+01,3.424232e+01,4.372241e+01
278,1.055871e+02,8.166334e+01,3.808020e+01,3.424232e+01,4.372241e+01
279,1.055871e+02,8.166334e+01,3.808020e+01,3.424232e+01,4.372241e+01
280,1.055871e+02,8.166334e+01,3.439202e+01,3.380626e+01,4.372241e+01
281,1.055871e+02,8.166334e+01,3.439202e+01,3.380626e+01,4.372241e+01
282,1.055871e+02,8.166334e+01,3.439202e+01,3.380626e+01,4.372241e+01
283,1.055871e+02,8.166334e+01,3.439202e+01,3.380626e+01,4.372241e+01
284,1.055871e+02,8.166334e+01,3.439202e+01,3.380626e+01,4.372241e+01
285,1.055871e+02,8.166334e+01,3.439202e+01,3.380626e+01,4.372241e+01
286,1.055871e+02,8.166334e+01,3.439202e+01,3.380626e+01,4.372241e+01
287,1.055871e+02,8.166334e+01,3.439202e+01,3.380626e+01,4.372241e+01
288,1.055871e+02,8.166334e+01,3.439202e+01,3.380626e+01,4.372241e+01
289,1.055871e+02,8.166334e+01,3.439202e+01,3.380626e+01,4.372241e+01
290,1.055871e+02,8.166334e+01,3.439202e+01,3.380626e+01,4.372241e+01
291,1.055871e+02,8.152089e+01,3.439202e+01,3.380626e+01,4.357662e+01
292,1.055871e+02,8.152089e+01,3.439202e+01,3.380626e+01,4.357662e+01
293,1.055871e+02,8.152089e+01,3.439202e+01,3.380626e+01,4.357662e+01
294,1.055871e+02,8.152089e+01,3.439202e+01,3.358460e+01,4.357662e+01
295,1.055871e+02,8.152089e+01,3.439202e+01,3.358460e+01,4.357662e+01
296,1.055871e+02,8.152089e+01,3.439202e+01,3.358460e+01,4.357662e+01
297,1.055871e+02,8.152089e+01,3.396457e+01,3.297455e+01,4.357662e+01
298,1.055871e+02,8.152089e+01,3.396457e+01,3.297455e+01,4.357662e+01
299,1.053963e+02,8.152089e+01,3.396457e+01,3.297455e+01,4.357662e+01
300,1.053963e+02,8.041878e+01,3.396457e+01,3.297455e+01,4.357662e+01
